 ,Area,Major,Minor,Angle,Circ.,Feret,FeretX,FeretY,FeretAngle,MinFeret,AR,Round,Solidity
1,594.831,43.384,17.457,179.339,0.693,41.480,46,124,8.820,17.668,2.485,0.402,0.941
2,434.511,37.941,14.581,166.794,0.610,40.084,133,116,170.870,15.678,2.602,0.384,0.945
3,736.671,40.933,22.914,152.679,0.771,41.480,219,119,156.930,25.253,1.786,0.560,0.936
4,775.128,41.275,23.911,52.238,0.697,42.784,306,148,30.801,25.089,1.726,0.579,0.875
5,2116.619,92.882,29.015,142.928,0.579,90.185,366,114,142.322,29.885,3.201,0.312,0.946
6,314.147,30.352,13.178,159.327,0.718,30.356,569,111,155.225,13.632,2.303,0.434,0.947
7,392.059,36.298,13.752,162.865,0.580,36.749,650,114,157.380,16.296,2.639,0.379,0.828
8,1587.714,66.835,30.247,158.022,0.694,65.697,714,131,168.207,30.431,2.210,0.453,0.967
9,29.966,7.135,5.347,67.714,0.936,7.512,841,117,41.186,5.654,1.334,0.749,0.896
10,86.902,15.656,7.068,28.613,0.684,17.710,919,120,28.610,8.217,2.215,0.451,0.913
11,4152.329,109.940,48.089,145.688,0.651,112.322,954,125,145.510,48.900,2.286,0.437,0.973
12,247.721,21.819,14.456,52.291,0.889,22.348,1093,135,55.305,14.492,1.509,0.663,0.950
13,514.421,33.003,19.846,162.641,0.686,34.909,1164,114,148.241,23.576,1.663,0.601,0.924
14,189.786,19.656,12.294,133.977,0.830,20.543,1264,109,130.815,13.492,1.599,0.625,0.938
15,150.830,22.201,8.650,36.459,0.613,24.007,1346,131,42.614,9.682,2.566,0.390,0.915
16,49.444,9.627,6.540,154.704,0.834,10.787,1437,109,148.392,7.269,1.472,0.679,0.908
17,341.616,36.888,11.791,35.708,0.559,37.834,1507,138,32.800,13.811,3.128,0.320,0.869
18,139.843,19.351,9.201,98.513,0.712,18.711,1611,108,100.886,9.352,2.103,0.476,0.918
19,83.906,12.134,8.804,162.941,0.928,12.993,1692,111,157.620,9.187,1.378,0.726,0.941
20,267.199,27.493,12.374,174.807,0.671,29.284,1765,110,171.674,13.080,2.222,0.450,0.937
21,47.447,11.939,5.060,39.897,0.687,12.583,1864,121,38.157,6.076,2.359,0.424,0.841
22,51.942,8.500,7.780,72.987,0.839,9.612,1952,121,72.897,8.481,1.093,0.915,0.897
23,2184.043,63.404,43.858,0.493,0.661,70.565,1993,164,7.481,46.516,1.446,0.692,0.892
24,102.884,17.432,7.515,75.239,0.638,18.658,2124,132,65.376,8.348,2.320,0.431,0.896
25,158.322,18.916,10.657,157.674,0.814,19.406,2201,110,146.889,11.286,1.775,0.563,0.943
26,334.624,29.478,14.453,68.049,0.702,31.295,2291,148,64.592,15.404,2.040,0.490,0.949
27,594.831,29.797,25.417,24.639,0.852,32.631,2362,137,17.650,25.486,1.172,0.853,0.947
28,147.834,17.388,10.825,13.312,0.781,18.857,2457,116,12.995,12.014,1.606,0.623,0.924
29,756.149,35.881,26.832,138.071,0.818,38.740,2533,112,141.667,29.393,1.337,0.748,0.954
30,2571.607,76.873,42.593,69.947,0.769,78.346,2619,212,68.295,44.696,1.805,0.554,0.963
31,428.518,29.875,18.263,155.229,0.784,31.763,2705,111,159.146,20.488,1.636,0.611,0.946
32,736.671,40.110,23.385,14.072,0.619,45.014,2782,146,22.135,27.339,1.715,0.583,0.848
33,513.422,36.959,17.688,26.413,0.731,35.335,2878,141,36.870,17.529,2.090,0.479,0.944
34,1687.601,74.823,28.718,105.151,0.587,72.640,2964,108,107.554,35.379,2.605,0.384,0.889
35,577.850,32.639,22.542,141.955,0.817,35.109,3049,110,139.899,24.943,1.448,0.691,0.959
36,101.885,14.209,9.130,53.435,0.802,15.515,3147,127,59.931,10.430,1.556,0.643,0.923
37,544.887,44.361,15.639,121.403,0.618,43.040,3222,108,119.511,17.431,2.836,0.353,0.926
38,283.181,26.202,13.761,37.637,0.755,27.151,3314,138,51.340,14.112,1.904,0.525,0.945
39,437.008,33.793,16.465,139.012,0.715,35.208,3392,112,141.520,17.190,2.052,0.487,0.933
40,4397.553,81.754,68.488,131.887,0.772,85.164,3497,108,99.071,72.494,1.194,0.838,0.957
41,5544.263,116.330,60.682,170.227,0.536,132.126,501,195,8.303,77.866,1.917,0.522,0.806
42,593.333,35.408,21.335,129.493,0.768,37.748,51,404,128.157,22.387,1.660,0.603,0.954
43,374.579,29.701,16.058,153.555,0.634,33.223,91,404,150.709,18.275,1.850,0.541,0.869
44,668.748,36.805,23.135,122.121,0.835,36.749,146,404,112.620,23.180,1.591,0.629,0.961
45,454.489,27.088,21.363,174.321,0.873,28.637,182,426,15.751,21.785,1.268,0.789,0.959
46,373.080,25.556,18.587,31.178,0.681,30.421,229,427,30.735,21.488,1.375,0.727,0.895
47,634.286,35.763,22.582,65.226,0.741,39.272,280,453,59.744,24.652,1.584,0.631,0.953
48,375.078,28.757,16.607,135.977,0.783,30.347,317,412,152.241,16.990,1.732,0.577,0.949
49,227.744,27.437,10.569,21.854,0.636,27.841,363,421,23.962,11.378,2.596,0.385,0.921
50,190.286,24.774,9.779,171.850,0.608,25.918,408,408,168.996,10.811,2.533,0.395,0.923
51,303.159,23.756,16.249,14.548,0.818,24.532,454,419,11.634,16.435,1.462,0.684,0.945
52,372.581,23.719,20.000,39.578,0.831,25.066,499,432,21.501,21.175,1.186,0.843,0.949
53,168.311,25.945,8.260,155.245,0.599,25.618,544,407,155.556,8.533,3.141,0.318,0.918
54,399.551,28.313,17.968,63.549,0.737,30.050,590,441,41.186,20.418,1.576,0.635,0.945
55,287.177,24.690,14.809,134.339,0.794,25.165,638,409,141.843,16.043,1.667,0.600,0.927
56,251.717,21.937,14.610,155.374,0.757,23.756,680,414,157.249,15.741,1.502,0.666,0.935
57,33.962,8.212,5.265,61.876,0.858,9.050,737,414,51.340,5.811,1.560,0.641,0.907
58,115.870,16.831,8.765,178.748,0.760,17.794,773,408,173.157,9.187,1.920,0.521,0.924
59,403.546,27.321,18.806,72.339,0.750,29.138,829,442,67.166,19.107,1.453,0.688,0.955
60,57.935,10.960,6.730,47.975,0.848,11.591,870,417,52.431,7.496,1.628,0.614,0.910
61,91.897,15.488,7.554,48.774,0.689,17.108,914,423,51.710,8.622,2.050,0.488,0.906
62,812.086,43.082,24.000,178.149,0.692,48.891,931,430,4.145,25.924,1.795,0.557,0.942
63,161.818,19.212,10.724,179.647,0.717,21.083,996,411,13.570,11.307,1.791,0.558,0.938
64,316.644,34.642,11.638,138.667,0.622,34.658,1037,405,140.793,12.530,2.977,0.336,0.918
65,532.900,28.789,23.569,136.693,0.901,30.585,1089,405,130.314,24.486,1.221,0.819,0.968
66,232.239,21.656,13.654,176.521,0.827,21.919,1131,418,20.772,12.721,1.586,0.630,0.961
67,289.674,23.170,15.918,161.138,0.823,24.654,1175,407,152.700,17.067,1.456,0.687,0.945
68,87.402,11.851,9.390,111.289,0.943,12.642,1230,404,116.565,9.894,1.262,0.792,0.941
69,1041.828,49.177,26.974,170.213,0.729,49.369,1246,425,166.759,28.096,1.823,0.549,0.930
70,122.862,13.879,11.271,84.742,0.874,14.310,1319,421,57.095,11.307,1.231,0.812,0.935
71,392.059,26.270,19.002,79.220,0.826,29.138,1369,444,75.964,20.495,1.382,0.723,0.942
72,116.369,14.601,10.148,63.410,0.905,15.691,1453,423,54.162,10.601,1.439,0.695,0.955
73,445.998,25.827,21.987,11.187,0.859,27.050,1487,410,160.145,21.744,1.175,0.851,0.959
74,681.733,44.731,19.405,86.718,0.693,45.581,1544,468,82.875,20.213,2.305,0.434,0.960
75,556.874,36.749,19.294,154.466,0.768,38.057,1616,408,148.671,20.337,1.905,0.525,0.958
76,506.930,27.437,23.525,119.604,0.859,29.816,1670,406,121.430,24.020,1.166,0.857,0.946
77,217.755,22.305,12.430,141.696,0.825,22.933,1716,407,146.310,13.132,1.794,0.557,0.947
78,201.274,18.954,13.521,15.653,0.867,19.712,1761,422,14.534,14.134,1.402,0.713,0.952
79,165.314,20.329,10.354,153.387,0.793,20.604,1807,405,149.036,10.746,1.963,0.509,0.939
80,143.838,14.966,12.237,102.731,0.919,15.881,1859,404,110.854,12.721,1.223,0.818,0.940
81,198.776,21.609,11.712,164.549,0.808,22.626,1894,407,165.530,12.515,1.845,0.542,0.944
82,191.784,19.907,12.266,140.861,0.816,20.785,1942,405,144.689,12.936,1.623,0.616,0.935
83,144.837,18.504,9.966,16.432,0.771,19.302,1987,419,23.749,10.727,1.857,0.539,0.928
84,656.761,33.039,25.310,34.832,0.766,37.033,2032,448,48.094,26.404,1.305,0.766,0.960
85,92.396,16.832,6.989,10.034,0.679,18.169,2076,413,13.496,7.774,2.408,0.415,0.898
86,110.376,16.118,8.719,10.622,0.795,16.990,2122,415,16.928,9.187,1.849,0.541,0.932
87,106.380,18.878,7.175,2.986,0.663,17.878,2167,413,18.435,7.067,2.631,0.380,0.934
88,150.331,17.276,11.079,3.781,0.870,17.668,2212,407,163.740,11.294,1.559,0.641,0.945
89,160.320,19.905,10.255,45.191,0.808,20.212,2257,422,36.469,10.494,1.941,0.515,0.943
90,252.716,22.739,14.150,63.375,0.842,24.039,2305,435,65.695,14.854,1.607,0.622,0.953
91,136.846,18.194,9.577,32.188,0.800,19.029,2347,421,31.329,10.298,1.900,0.526,0.930
92,162.817,16.670,12.436,19.168,0.852,17.454,2393,422,31.759,12.958,1.341,0.746,0.946
93,110.376,15.350,9.156,14.740,0.859,16.146,2438,414,23.199,9.187,1.677,0.596,0.961
94,62.430,14.486,5.487,15.295,0.658,15.435,2483,411,15.945,6.257,2.640,0.379,0.909
95,102.385,13.890,9.385,16.480,0.866,14.569,2528,414,14.036,9.894,1.480,0.676,0.930
96,82.907,12.614,8.369,5.937,0.756,14.414,2573,409,11.310,9.187,1.507,0.663,0.910
97,212.761,18.309,14.796,86.365,0.881,19.225,2620,430,72.897,14.134,1.237,0.808,0.962
98,116.369,13.846,10.701,23.205,0.831,15.174,2664,419,27.759,11.378,1.294,0.773,0.919
99,118.367,14.243,10.581,35.833,0.806,15.691,2710,420,35.838,11.993,1.346,0.743,0.922
100,69.422,13.440,6.577,18.064,0.776,13.921,2754,414,23.962,7.258,2.044,0.489,0.911
101,124.860,13.750,11.562,143.298,0.963,14.706,2800,407,144.782,11.993,1.189,0.841,0.958
102,122.862,13.443,11.637,113.341,0.913,14.569,2848,404,112.834,11.993,1.155,0.866,0.934
103,85.404,11.338,9.590,134.340,0.922,12.159,2895,404,125.538,10.430,1.182,0.846,0.934
104,94.394,13.488,8.911,109.730,0.824,14.569,2937,404,112.834,9.482,1.514,0.661,0.929
105,66.425,12.440,6.798,134.578,0.852,13.031,2981,404,130.601,7.496,1.830,0.546,0.917
106,79.411,13.259,7.626,55.717,0.765,14.908,3027,422,58.570,8.495,1.739,0.575,0.898
107,70.920,12.788,7.061,62.128,0.773,13.575,3072,419,51.340,7.878,1.811,0.552,0.916
108,83.406,15.035,7.063,109.461,0.728,14.975,3118,404,109.290,7.480,2.129,0.470,0.903
109,58.434,12.044,6.177,117.222,0.738,13.334,3163,404,122.005,7.151,1.950,0.513,0.907
110,68.423,10.724,8.124,94.416,0.897,11.174,3211,419,71.565,7.774,1.320,0.758,0.935
111,101.885,16.842,7.703,95.373,0.740,17.325,3253,404,101.768,7.774,2.187,0.457,0.932
112,57.435,11.343,6.447,113.191,0.841,11.698,3299,404,115.017,6.953,1.760,0.568,0.909
113,50.943,8.753,7.410,102.824,0.926,9.214,3344,404,122.471,7.774,1.181,0.847,0.932
114,65.426,11.817,7.049,75.813,0.882,12.342,3389,420,66.371,7.067,1.676,0.597,0.946
115,31.964,7.733,5.263,121.195,0.958,8.626,3433,404,124.992,5.654,1.469,0.681,0.928
116,4057.935,107.690,47.978,30.938,0.650,116.718,3411,494,31.380,51.105,2.245,0.446,0.958
117,2842.302,73.238,49.413,147.172,0.802,73.772,710,542,156.873,49.925,1.482,0.675,0.970
118,3987.514,90.823,55.901,8.128,0.585,108.274,46,556,177.007,61.645,1.625,0.615,0.865
119,3074.042,94.496,41.420,16.866,0.687,91.614,208,567,11.570,41.168,2.281,0.438,0.951
120,4723.186,90.946,66.125,152.678,0.800,96.247,358,535,150.046,67.875,1.375,0.727,0.984
121,1937.820,72.991,33.803,176.268,0.677,70.830,564,548,167.905,35.335,2.159,0.463,0.931
122,2802.347,71.409,49.967,132.496,0.779,75.197,874,537,139.574,50.242,1.429,0.700,0.962
123,1005.868,66.093,19.377,17.974,0.507,64.963,961,554,14.490,23.464,3.411,0.293,0.915
124,1753.028,63.734,35.021,158.357,0.765,67.015,1062,534,152.354,35.087,1.820,0.549,0.970
125,2375.827,58.255,51.927,171.391,0.846,61.043,1162,575,20.323,52.780,1.122,0.891,0.970
126,1594.706,56.259,36.091,131.865,0.736,59.506,1266,531,127.278,39.221,1.559,0.642,0.943
127,1654.139,50.060,42.072,37.273,0.828,55.848,1369,591,51.680,41.354,1.190,0.840,0.971
128,153.328,19.356,10.086,177.138,0.763,20.113,1483,531,161.565,10.601,1.919,0.521,0.925
129,548.883,37.523,18.625,167.564,0.735,38.404,1568,538,167.242,19.711,2.015,0.496,0.959
130,30.965,6.687,5.896,105.253,1.000,7.276,1690,529,119.055,5.654,1.134,0.882,0.947
131,307.654,29.485,13.285,36.435,0.737,30.191,1773,553,32.574,13.796,2.219,0.451,0.948
132,115.870,12.605,11.704,112.115,0.932,13.649,1883,529,111.251,12.014,1.077,0.929,0.943
133,69.921,10.112,8.804,90.134,0.968,10.506,1984,529,109.654,8.481,1.148,0.871,0.946
134,585.841,30.663,24.327,21.331,0.766,33.929,2066,566,35.676,26.431,1.260,0.793,0.911
135,410.039,24.787,21.062,62.280,0.842,27.086,2173,566,74.876,22.150,1.177,0.850,0.942
136,393.557,24.531,20.427,158.845,0.879,26.062,2264,538,167.471,20.227,1.201,0.833,0.953
137,186.290,22.331,10.621,119.800,0.769,22.448,2373,529,118.179,11.172,2.102,0.476,0.934
138,188.788,22.078,10.887,164.269,0.693,21.954,2463,530,146.821,12.592,2.028,0.493,0.919
139,61.431,9.851,7.940,3.768,0.828,11.062,2569,536,26.565,8.481,1.241,0.806,0.921
140,35.960,7.512,6.095,0.027,0.958,8.242,2669,537,30.964,5.654,1.232,0.811,0.954
141,96.392,15.708,7.813,29.509,0.744,16.858,2762,543,33.024,8.533,2.011,0.497,0.923
142,527.407,33.111,20.281,167.308,0.837,33.959,2847,535,167.989,20.790,1.633,0.613,0.964
143,253.215,23.320,13.825,172.125,0.723,25.725,2951,534,164.055,14.841,1.687,0.593,0.942
144,193.782,23.875,10.334,39.201,0.667,25.608,3053,552,39.401,11.676,2.310,0.433,0.914
145,67.424,12.819,6.697,179.691,0.852,12.896,3156,532,170.538,6.360,1.914,0.522,0.944
146,42.452,11.653,4.638,8.360,0.725,11.655,3255,535,14.036,4.947,2.512,0.398,0.904
147,57.935,12.035,6.129,21.627,0.802,12.642,3353,537,26.565,6.953,1.964,0.509,0.921
148,9757.523,121.803,101.998,3.332,0.807,133.688,3365,578,2.424,105.553,1.194,0.837,0.969
149,2795.855,113.186,31.451,131.211,0.465,119.084,52,787,137.886,35.454,3.599,0.278,0.855
150,1054.813,49.439,27.166,0.698,0.589,61.520,127,791,1.975,29.682,1.820,0.549,0.921
151,69.921,10.206,8.723,4.103,0.968,10.764,277,794,23.199,8.481,1.170,0.855,0.946
152,339.618,25.521,16.944,39.724,0.841,26.462,325,812,34.114,17.890,1.506,0.664,0.950
153,2898.239,81.697,45.169,175.523,0.525,87.934,360,818,166.522,52.549,1.809,0.553,0.833
154,49.444,10.945,5.752,55.234,0.834,11.591,506,798,52.431,6.468,1.903,0.526,0.912
155,149.831,16.200,11.776,49.757,0.908,16.679,562,805,53.616,11.993,1.376,0.727,0.940
156,57.435,10.045,7.280,97.315,0.912,10.506,620,785,109.654,7.067,1.380,0.725,0.935
157,99.888,14.563,8.733,160.642,0.853,15.223,670,787,158.199,9.187,1.667,0.600,0.939
158,57.435,10.207,7.164,171.177,0.901,10.971,729,787,165.069,7.067,1.425,0.702,0.931
159,907.979,45.578,25.365,22.545,0.664,49.353,761,821,29.134,28.201,1.797,0.557,0.923
160,284.180,24.699,14.650,159.872,0.812,26.263,833,787,156.194,15.548,1.686,0.593,0.950
161,170.808,15.826,13.742,119.665,0.915,17.108,901,785,128.290,14.134,1.152,0.868,0.955
162,100.387,12.556,10.180,178.352,0.933,12.993,955,787,157.620,9.894,1.233,0.811,0.948
163,674.741,37.252,23.062,3.291,0.754,41.594,991,814,9.782,24.028,1.615,0.619,0.958
164,707.704,32.187,27.995,152.989,0.898,34.506,1056,792,145.008,28.268,1.150,0.870,0.972
165,388.063,38.142,12.954,19.364,0.599,36.891,1108,805,16.699,14.168,2.944,0.340,0.884
166,121.863,13.266,11.696,178.050,0.844,14.569,1180,794,157.166,12.014,1.134,0.882,0.944
167,55.937,11.669,6.103,130.753,0.819,12.503,1240,785,132.709,6.496,1.912,0.523,0.922
168,175.802,23.265,9.621,115.437,0.629,23.332,1351,787,125.134,10.215,2.418,0.414,0.878
169,124.860,13.627,11.667,75.531,0.944,14.222,1412,803,63.435,11.307,1.168,0.856,0.956
170,68.423,13.234,6.583,81.744,0.800,13.649,1469,803,68.749,6.360,2.010,0.497,0.948
171,32.463,8.129,5.085,126.692,0.920,8.626,1526,785,124.992,5.905,1.599,0.626,0.897
172,276.189,36.853,9.542,90.392,0.517,35.512,1583,835,84.289,9.894,3.862,0.259,0.922
173,119.366,16.438,9.246,105.524,0.754,17.383,1635,785,116.565,10.028,1.778,0.562,0.888
174,60.931,9.553,8.121,2.864,0.867,10.506,1692,796,19.654,8.481,1.176,0.850,0.910
175,298.664,28.260,13.456,137.962,0.724,29.411,1739,789,144.782,13.992,2.100,0.476,0.935
176,128.356,21.627,7.557,73.142,0.604,21.919,1808,814,69.228,8.045,2.862,0.349,0.923
177,107.379,13.583,10.066,106.767,0.863,14.222,1864,785,116.565,10.746,1.349,0.741,0.927
178,1162.692,47.685,31.045,173.157,0.548,58.401,1887,786,158.714,37.545,1.536,0.651,0.840
179,1021.850,43.971,29.589,163.591,0.713,49.394,2006,789,160.787,30.577,1.486,0.673,0.936
180,214.758,18.912,14.458,41.024,0.843,20.001,2141,804,32.005,15.401,1.308,0.764,0.922
181,262.205,28.754,11.611,131.138,0.598,31.239,2195,785,127.648,13.244,2.477,0.404,0.901
182,263.703,21.293,15.768,155.466,0.881,22.348,2252,787,145.305,16.174,1.350,0.741,0.958
183,112.374,12.701,11.265,130.955,0.867,14.310,2316,786,122.905,11.878,1.128,0.887,0.934
184,1319.516,47.707,35.216,173.703,0.843,48.681,2344,804,9.189,35.160,1.355,0.738,0.975
185,137.345,16.093,10.866,160.898,0.884,16.544,2424,789,160.017,11.307,1.481,0.675,0.950
186,174.304,16.549,13.411,159.237,0.943,17.383,2480,789,153.435,13.427,1.234,0.810,0.955
187,113.372,13.908,10.379,163.100,0.885,14.975,2538,791,160.710,11.307,1.340,0.746,0.927
188,355.101,22.503,20.092,31.589,0.851,24.856,2644,798,14.826,20.988,1.120,0.893,0.952
189,733.675,40.460,23.088,170.549,0.793,43.022,2688,796,165.735,24.028,1.752,0.571,0.958
190,1383.444,58.747,29.984,75.510,0.670,62.818,2770,870,72.992,32.523,1.959,0.510,0.916
191,121.363,14.390,10.738,76.860,0.802,15.803,2823,805,63.435,11.768,1.340,0.746,0.927
192,460.981,30.778,19.070,50.254,0.795,33.715,2876,825,56.976,20.056,1.614,0.620,0.951
193,337.620,29.207,14.718,24.601,0.641,30.446,2924,811,21.801,17.184,1.984,0.504,0.834
194,507.429,33.819,19.104,164.436,0.767,33.268,2978,797,167.735,20.027,1.770,0.565,0.942
195,402.547,24.949,20.543,21.358,0.900,26.301,3042,809,30.700,21.201,1.214,0.823,0.956
196,1035.835,47.573,27.723,78.841,0.695,53.416,3101,854,64.113,29.046,1.716,0.583,0.927
197,73.417,10.839,8.624,30.987,0.894,12.159,3163,797,35.538,9.187,1.257,0.796,0.919
198,112.374,17.016,8.409,27.340,0.751,17.710,3216,800,28.610,9.264,2.024,0.494,0.924
199,880.509,38.686,28.980,124.243,0.782,42.830,3260,792,142.374,30.687,1.335,0.749,0.941
200,107.879,13.112,10.475,44.569,0.883,14.706,3332,800,35.218,11.307,1.252,0.799,0.945
201,156.324,15.736,12.648,131.457,0.907,16.270,3387,787,145.620,12.993,1.244,0.804,0.936
202,257.710,22.480,14.597,128.691,0.780,23.914,3440,791,145.840,15.991,1.540,0.649,0.928
203,1903.359,75.814,31.965,162.960,0.667,79.114,46,1144,161.241,32.811,2.372,0.422,0.972
204,151.829,18.626,10.379,33.152,0.789,19.649,140,1151,37.694,11.694,1.795,0.557,0.925
205,110.376,18.623,7.546,123.142,0.664,19.406,194,1133,123.111,8.849,2.468,0.405,0.897
206,24.972,7.447,4.270,12.760,0.848,8.058,248,1139,15.255,4.917,1.744,0.573,0.862
207,164.315,23.219,9.010,177.739,0.675,23.149,289,1136,167.661,9.187,2.577,0.388,0.933
208,499.938,27.878,22.833,177.076,0.872,29.724,337,1137,161.996,23.904,1.221,0.819,0.958
209,57.935,9.699,7.605,56.451,0.936,10.192,455,1145,56.310,7.996,1.275,0.784,0.921
210,192.284,16.681,14.677,87.656,0.879,18.334,505,1157,62.447,14.841,1.136,0.880,0.937
211,350.106,32.087,13.892,40.354,0.571,34.215,544,1165,38.290,16.383,2.310,0.433,0.816
212,164.815,20.053,10.464,157.272,0.766,20.249,603,1135,150.751,11.135,1.916,0.522,0.930
213,430.016,29.976,18.265,149.983,0.743,30.585,653,1136,139.686,19.921,1.641,0.609,0.892
214,468.473,26.053,22.895,73.860,0.814,29.284,722,1133,98.326,24.456,1.138,0.879,0.946
215,330.129,26.000,16.167,136.548,0.729,27.877,753,1143,149.534,18.092,1.608,0.622,0.901
216,115.870,13.295,11.097,132.121,0.891,15.124,866,1133,127.405,11.307,1.198,0.835,0.949
217,54.439,9.426,7.353,178.694,0.880,10.290,917,1141,15.945,7.774,1.282,0.780,0.912
218,672.743,53.683,15.956,145.156,0.555,51.764,946,1137,147.829,16.611,3.364,0.297,0.902
219,276.689,26.566,13.261,29.032,0.644,28.144,1062,1157,28.496,15.001,2.003,0.499,0.875
220,116.369,24.087,6.151,39.661,0.507,24.735,1117,1155,36.870,6.996,3.916,0.255,0.883
221,463.479,29.781,19.816,54.917,0.684,32.738,1163,1164,32.661,22.259,1.503,0.665,0.875
222,540.891,41.551,16.574,27.526,0.562,44.919,1205,1160,24.146,19.666,2.507,0.399,0.905
223,48.445,11.115,5.550,15.333,0.671,12.642,1277,1143,26.565,6.342,2.003,0.499,0.855
224,219.253,17.754,15.724,110.553,0.770,20.249,1332,1134,119.249,16.254,1.129,0.886,0.911
225,115.370,18.385,7.990,23.449,0.629,19.636,1428,1149,30.256,9.798,2.301,0.435,0.897
226,164.315,19.210,10.891,0.473,0.788,20.237,1478,1140,167.905,11.895,1.764,0.567,0.909
227,598.327,41.846,18.205,154.726,0.667,42.408,1516,1138,156.425,18.331,2.299,0.435,0.948
228,82.907,15.109,6.987,130.707,0.749,15.564,1589,1133,129.472,7.496,2.162,0.462,0.917
229,54.439,13.085,5.297,139.177,0.729,13.031,1641,1133,130.601,5.850,2.470,0.405,0.869
230,346.610,25.450,17.340,52.066,0.794,28.029,1689,1167,56.310,18.490,1.468,0.681,0.946
231,121.863,13.999,11.084,177.428,0.913,14.569,1740,1138,165.964,11.307,1.263,0.792,0.935
232,381.071,39.837,12.179,0.271,0.584,39.183,1774,1142,172.747,12.014,3.271,0.306,0.964
233,437.508,32.982,16.890,140.466,0.775,33.358,1833,1139,143.616,17.418,1.953,0.512,0.951
234,79.910,10.982,9.265,19.489,0.906,12.014,1949,1144,28.072,9.894,1.185,0.844,0.912
235,522.912,32.540,20.461,124.245,0.822,31.888,2003,1133,102.804,19.788,1.590,0.629,0.952
236,239.231,22.527,13.522,128.171,0.671,24.583,2051,1133,108.435,16.317,1.666,0.600,0.865
237,44.450,9.542,5.931,121.605,0.834,10.434,2108,1133,118.301,6.637,1.609,0.622,0.886
238,155.825,18.991,10.447,137.708,0.785,19.800,2151,1138,145.176,11.494,1.818,0.550,0.927
239,54.439,12.135,5.712,178.739,0.806,12.200,2206,1136,169.992,5.654,2.125,0.471,0.932
240,239.231,34.927,8.721,43.930,0.475,35.652,2246,1165,39.369,9.994,4.005,0.250,0.828
241,118.367,15.178,9.930,145.260,0.887,15.691,2308,1135,144.162,10.430,1.529,0.654,0.939
242,51.942,10.126,6.531,43.650,0.892,10.601,2364,1146,53.130,6.996,1.550,0.645,0.900
243,72.419,11.685,7.891,142.508,0.851,12.583,2414,1133,141.843,8.849,1.481,0.675,0.918
244,63.429,12.291,6.571,137.618,0.814,13.031,2467,1133,130.601,7.350,1.870,0.535,0.910
245,250.219,21.940,14.521,155.193,0.845,23.492,2508,1141,158.839,15.803,1.511,0.662,0.946
246,58.934,10.061,7.458,49.905,0.873,11.504,2569,1145,42.510,8.177,1.349,0.741,0.904
247,54.938,11.354,6.161,10.006,0.837,11.655,2619,1140,14.036,6.360,1.843,0.543,0.913
248,851.043,39.029,27.763,45.821,0.837,39.557,2660,1179,41.379,29.420,1.406,0.711,0.943
249,90.898,12.043,9.610,12.559,0.926,12.642,2722,1144,26.565,9.894,1.253,0.798,0.931
250,659.758,36.018,23.322,97.236,0.749,39.183,2770,1188,82.747,25.692,1.544,0.648,0.943
251,309.152,28.731,13.700,159.483,0.649,30.683,2815,1136,151.074,15.578,2.097,0.477,0.917
252,242.227,21.045,14.655,152.488,0.720,24.153,2869,1142,159.444,16.555,1.436,0.696,0.886
253,66.925,13.728,6.207,53.245,0.759,14.310,2931,1150,57.095,6.843,2.212,0.452,0.905
254,204.770,18.816,13.856,174.000,0.799,21.248,2973,1140,3.814,14.639,1.358,0.736,0.929
255,60.432,9.850,7.812,28.377,0.921,10.601,3033,1144,36.870,8.217,1.261,0.793,0.924
256,99.388,14.754,8.577,169.700,0.806,15.644,3081,1135,161.565,9.187,1.720,0.581,0.921
257,112.873,12.934,11.112,140.707,0.790,14.569,3133,1139,157.166,12.344,1.164,0.859,0.873
258,666.750,36.818,23.057,17.714,0.836,37.695,3172,1163,30.411,23.629,1.597,0.626,0.963
259,175.802,19.340,11.574,134.249,0.827,19.406,3242,1133,123.111,11.973,1.671,0.598,0.928
260,91.397,13.022,8.936,11.216,0.852,13.885,3288,1143,14.744,9.770,1.457,0.686,0.910
261,66.425,11.937,7.085,110.449,0.830,12.993,3345,1133,112.380,7.761,1.685,0.594,0.920
262,93.395,14.218,8.364,59.063,0.852,14.706,3446,1151,54.782,8.849,1.700,0.588,0.926
263,3732.301,119.513,39.762,168.753,0.548,117.970,52,1300,167.546,45.339,3.006,0.333,0.904
264,3257.335,88.410,46.911,174.302,0.676,90.572,227,1300,159.444,50.430,1.885,0.531,0.924
265,32.963,8.393,5.000,86.623,0.865,8.742,367,1285,75.964,4.947,1.678,0.596,0.910
266,47.447,9.271,6.516,114.233,0.919,9.843,444,1273,111.038,6.953,1.423,0.703,0.909
267,281.184,23.856,15.007,2.782,0.828,25.046,510,1286,16.390,14.841,1.590,0.629,0.953
268,176.801,17.346,12.978,108.797,0.903,18.059,600,1274,120.579,13.427,1.337,0.748,0.947
269,391.060,26.800,18.579,165.159,0.826,26.668,668,1281,147.995,18.325,1.443,0.693,0.951
270,1374.953,51.435,34.036,88.260,0.769,57.976,761,1354,80.882,36.749,1.511,0.662,0.964
271,204.270,19.183,13.558,24.780,0.843,20.348,828,1287,20.323,14.641,1.415,0.707,0.937
272,609.315,31.486,24.639,167.766,0.868,33.223,901,1278,150.709,24.028,1.278,0.783,0.969
273,777.126,32.739,30.223,58.819,0.881,34.113,982,1312,39.958,30.751,1.083,0.923,0.963
274,689.724,37.353,23.511,28.993,0.818,38.326,1053,1306,22.782,23.717,1.589,0.629,0.961
275,93.894,14.801,8.077,24.817,0.768,15.881,1147,1287,32.276,8.543,1.832,0.546,0.919
276,1226.121,41.789,37.358,34.765,0.727,47.858,1203,1332,16.294,41.016,1.119,0.894,0.962
277,1415.907,50.882,35.431,164.928,0.812,51.706,1278,1285,169.765,35.767,1.436,0.696,0.971
278,277.688,22.359,15.813,37.222,0.863,22.626,1462,1299,51.340,16.113,1.414,0.707,0.940
279,840.055,49.410,21.647,121.280,0.660,48.819,1540,1274,112.109,23.392,2.283,0.438,0.907
280,98.389,17.744,7.060,86.730,0.668,18.857,1627,1299,77.005,7.067,2.513,0.398,0.936
281,1009.864,43.707,29.419,31.536,0.833,45.936,1678,1311,22.620,30.483,1.486,0.673,0.964
282,59.933,12.064,6.325,16.578,0.808,12.642,1857,1282,26.565,6.750,1.907,0.524,0.913
283,119.865,18.442,8.275,44.681,0.696,19.547,1934,1295,49.399,9.046,2.229,0.449,0.904
284,145.336,18.770,9.858,0.579,0.675,20.604,2008,1278,174.094,11.307,1.904,0.525,0.900
285,293.170,25.615,14.573,41.306,0.759,27.059,2165,1302,40.764,15.803,1.758,0.569,0.941
286,135.847,16.326,10.595,172.605,0.830,17.195,2247,1276,170.538,11.160,1.541,0.649,0.928
287,51.942,11.736,5.635,134.015,0.829,12.035,2332,1273,130.236,5.997,2.083,0.480,0.904
288,470.970,27.630,21.703,46.239,0.730,32.792,2398,1302,37.117,24.319,1.273,0.785,0.961
289,1475.340,62.502,30.055,150.528,0.683,67.093,2452,1290,156.405,31.890,2.080,0.481,0.967
290,174.304,28.073,7.905,8.266,0.516,28.585,2554,1286,8.531,9.095,3.551,0.282,0.884
291,162.317,19.130,10.803,112.140,0.823,20.348,2725,1273,110.323,11.694,1.771,0.565,0.943
292,153.827,22.370,8.755,174.003,0.665,22.460,2795,1276,167.276,9.187,2.555,0.391,0.940
293,195.280,21.833,11.388,15.009,0.760,22.135,2874,1288,16.699,12.242,1.917,0.522,0.914
294,66.925,12.566,6.781,127.692,0.827,13.146,2962,1274,126.254,7.496,1.853,0.540,0.905
295,32.463,8.324,4.966,167.726,0.935,8.539,3041,1274,155.556,4.947,1.676,0.597,0.935
296,261.206,27.847,11.943,42.263,0.673,29.589,3109,1301,40.156,12.993,2.332,0.429,0.935
297,143.838,19.749,9.274,22.670,0.723,20.001,3193,1289,32.005,9.926,2.130,0.470,0.913
298,240.729,24.680,12.419,102.125,0.648,25.792,3285,1273,99.462,15.548,1.987,0.503,0.858
299,94.394,11.264,10.670,39.560,0.909,12.159,3354,1287,35.538,11.307,1.056,0.947,0.920
300,258.709,21.350,15.428,149.115,0.846,22.191,3427,1277,142.765,16.119,1.384,0.723,0.936
301,840.554,56.308,19.007,27.118,0.531,61.711,3479,1318,23.629,20.080,2.963,0.338,0.939
302,27.469,6.778,5.160,15.190,1.000,7.276,2097,1280,29.055,4.947,1.314,0.761,0.948
303,3017.106,92.937,41.335,160.585,0.677,96.333,141,1513,162.496,43.022,2.248,0.445,0.968
304,219.753,20.066,13.944,68.259,0.768,21.771,275,1519,54.246,15.548,1.439,0.695,0.896
305,2971.157,70.554,53.618,132.919,0.846,74.503,322,1508,141.934,55.352,1.316,0.760,0.977
306,188.788,22.825,10.531,16.077,0.715,24.173,426,1506,15.255,11.174,2.167,0.461,0.926
307,124.860,22.844,6.959,11.919,0.517,24.684,504,1506,13.241,7.554,3.282,0.305,0.904
308,596.829,57.016,13.328,112.604,0.461,54.104,584,1494,113.886,14.314,4.278,0.234,0.934
309,466.475,30.503,19.471,73.366,0.829,31.763,665,1533,57.724,19.265,1.567,0.638,0.967
310,2655.013,66.205,51.061,55.173,0.876,67.271,729,1580,58.314,50.742,1.297,0.771,0.979
311,24.972,7.002,4.541,79.094,0.842,7.644,832,1503,56.310,4.797,1.542,0.649,0.893
312,40.954,8.270,6.305,0.208,0.859,8.742,908,1499,165.964,6.360,1.312,0.762,0.906
313,1669.622,51.730,41.095,148.716,0.846,54.490,957,1502,146.104,42.685,1.259,0.794,0.970
314,181.795,16.591,13.951,159.179,0.870,17.668,1062,1496,143.130,13.427,1.189,0.841,0.943
315,92.895,12.521,9.446,39.662,0.836,14.134,1142,1510,36.870,10.423,1.326,0.754,0.930
316,1164.190,47.030,31.518,116.326,0.843,48.243,1207,1495,121.827,33.522,1.492,0.670,0.975
317,46.947,8.320,7.185,115.031,0.880,9.050,1303,1494,141.340,7.774,1.158,0.864,0.908
318,181.296,17.279,13.360,102.082,0.870,18.778,1379,1494,109.799,14.134,1.293,0.773,0.939
319,300.662,24.294,15.758,135.024,0.825,26.158,1451,1496,141.582,16.491,1.542,0.649,0.956
320,519.416,30.438,21.728,148.055,0.832,31.558,1524,1501,145.954,22.775,1.401,0.714,0.950
321,1195.155,60.282,25.243,147.767,0.679,61.154,1586,1496,146.310,27.496,2.388,0.419,0.957
322,122.862,20.360,7.683,30.805,0.677,20.385,1689,1511,33.690,8.217,2.650,0.377,0.923
323,99.388,17.606,7.188,50.556,0.690,18.550,1771,1514,49.635,7.996,2.449,0.408,0.913
324,60.931,13.125,5.911,28.554,0.742,13.938,1850,1505,30.466,6.664,2.221,0.450,0.914
325,160.819,21.144,9.684,11.077,0.687,21.389,1922,1501,7.595,10.798,2.183,0.458,0.928
326,525.409,51.566,12.973,70.740,0.482,50.893,2001,1559,64.502,13.105,3.975,0.252,0.938
327,168.311,20.375,10.518,27.462,0.758,21.954,2081,1513,33.179,11.286,1.937,0.516,0.936
328,191.285,23.931,10.177,77.391,0.693,24.583,2167,1527,71.565,10.533,2.351,0.425,0.938
329,186.290,19.637,12.079,140.552,0.854,20.604,2239,1496,149.036,12.493,1.626,0.615,0.947
330,1076.289,54.522,25.135,7.498,0.672,53.682,2294,1530,16.049,28.119,2.169,0.461,0.906
331,549.382,30.841,22.681,20.682,0.838,32.578,2388,1528,24.341,23.242,1.360,0.735,0.962
332,1163.691,46.536,31.839,130.663,0.849,48.983,2464,1498,133.831,32.617,1.462,0.684,0.966
333,97.890,14.492,8.600,146.878,0.873,15.288,2557,1496,146.310,9.165,1.685,0.593,0.938
334,1272.568,42.820,37.840,74.649,0.813,48.233,2625,1553,50.947,38.162,1.132,0.884,0.966
335,227.244,18.072,16.010,166.570,0.916,18.963,2712,1514,26.565,16.254,1.129,0.886,0.959
336,185.791,23.862,9.913,21.456,0.688,23.756,2787,1512,22.751,10.236,2.407,0.415,0.931
337,186.790,18.713,12.709,171.545,0.873,19.029,2868,1501,164.932,12.721,1.472,0.679,0.948
338,275.690,23.224,15.115,13.361,0.859,23.914,2944,1513,18.970,15.548,1.536,0.651,0.955
339,901.486,44.217,25.958,125.718,0.749,46.072,3016,1498,131.269,28.256,1.703,0.587,0.930
340,184.792,21.109,11.146,3.289,0.777,21.494,3102,1507,9.462,11.307,1.894,0.528,0.941
341,48.945,8.404,7.416,161.065,1.000,9.214,3190,1495,147.529,7.067,1.133,0.882,0.961
342,30.466,7.782,4.985,158.755,0.830,8.539,3269,1495,155.556,5.654,1.561,0.641,0.891
343,23184.917,193.687,152.411,1.163,0.707,225.192,3195,1692,7.393,160.497,1.271,0.787,0.954
344,1358.472,69.526,24.878,173.188,0.604,72.070,3460,1505,168.690,26.855,2.795,0.358,0.946
345,4922.462,109.415,57.282,32.913,0.663,116.025,2603,1849,27.970,61.127,1.910,0.524,0.915
346,3656.886,92.908,50.115,132.794,0.742,96.029,1022,1769,137.386,52.014,1.854,0.539,0.970
347,6489.699,113.694,72.677,163.188,0.646,121.925,1916,1786,158.939,82.323,1.564,0.639,0.892
348,7257.335,153.010,60.390,5.146,0.637,148.651,355,1823,176.730,69.964,2.534,0.395,0.920
349,5024.348,107.829,59.327,170.838,0.743,110.629,1590,1838,4.764,61.811,1.818,0.550,0.975
350,3794.731,112.146,43.083,136.792,0.544,114.681,2289,1806,138.748,55.526,2.603,0.384,0.836
351,2125.109,87.649,30.871,4.012,0.612,82.929,789,1815,175.601,31.402,2.839,0.352,0.913
352,3128.980,87.612,45.473,177.376,0.584,100.286,1272,1852,173.526,50.876,1.927,0.519,0.868
353,1790.486,49.548,46.011,4.531,0.830,53.729,216,2220,35.362,47.428,1.077,0.929,0.954
354,2198.027,59.061,47.385,6.017,0.723,67.863,2736,2188,171.617,53.752,1.246,0.802,0.923
355,3408.665,93.698,46.319,58.609,0.622,97.567,46,2284,38.530,50.098,2.023,0.494,0.898
356,169.310,22.263,9.683,39.668,0.656,23.746,284,2198,36.529,10.976,2.299,0.435,0.913
357,2228.992,56.530,50.204,154.737,0.673,68.024,321,2177,150.772,56.257,1.126,0.888,0.934
358,131.852,13.326,12.598,70.455,0.923,14.134,423,2193,53.130,12.721,1.058,0.945,0.938
359,679.735,39.732,21.783,142.788,0.708,42.149,471,2182,145.244,24.606,1.824,0.548,0.925
360,126.358,14.608,11.014,36.706,0.921,15.174,618,2190,27.759,11.494,1.326,0.754,0.939
361,124.360,15.528,10.197,178.292,0.818,17.093,681,2179,172.875,11.307,1.523,0.657,0.921
362,276.189,23.358,15.055,121.237,0.807,23.914,751,2175,108.970,16.239,1.551,0.645,0.919
363,1652.141,65.511,32.110,150.133,0.616,70.791,784,2185,148.055,37.948,2.040,0.490,0.892
364,109.377,19.387,7.183,160.826,0.628,20.348,877,2179,159.677,8.217,2.699,0.371,0.901
365,334.124,27.303,15.582,38.109,0.774,28.427,940,2205,34.875,16.510,1.752,0.571,0.935
366,1584.218,63.753,31.639,125.611,0.675,61.921,987,2191,141.953,34.996,2.015,0.496,0.884
367,362.093,26.539,17.372,146.109,0.781,28.620,1072,2183,147.095,18.149,1.528,0.655,0.945
368,73.417,12.165,7.684,101.745,0.894,12.523,1152,2175,106.390,7.774,1.583,0.632,0.936
369,2251.467,61.214,46.830,95.692,0.699,69.059,1214,2268,72.121,49.250,1.307,0.765,0.922
370,78.911,11.961,8.400,148.015,0.895,12.642,1278,2178,153.435,9.016,1.424,0.702,0.913
371,159.321,22.656,8.954,147.243,0.688,23.407,1338,2177,151.113,9.682,2.530,0.395,0.917
372,62.430,12.496,6.361,84.608,0.777,12.993,1414,2192,67.620,6.360,1.964,0.509,0.933
373,78.911,12.787,7.857,31.590,0.778,13.575,1542,2189,38.660,8.530,1.627,0.614,0.900
374,367.087,27.959,16.717,116.219,0.748,29.991,1603,2176,124.439,18.647,1.673,0.598,0.940
375,548.883,34.121,20.482,13.179,0.811,36.891,1657,2200,20.171,21.201,1.666,0.600,0.961
376,53.440,9.729,6.994,126.140,0.929,10.506,1742,2176,132.274,7.496,1.391,0.719,0.926
377,80.410,13.037,7.853,19.856,0.856,13.938,1805,2186,30.466,8.481,1.660,0.602,0.944
378,262.205,25.084,13.309,22.975,0.734,26.225,1861,2190,14.036,13.685,1.885,0.531,0.927
379,111.874,13.595,10.478,32.477,0.846,15.124,1936,2192,37.405,11.174,1.298,0.771,0.929
380,1060.807,51.108,26.428,0.449,0.738,52.601,1974,2190,173.830,27.583,1.934,0.517,0.947
381,482.457,26.203,23.443,37.178,0.875,28.383,2058,2206,18.886,23.987,1.118,0.895,0.959
382,61.431,9.921,7.884,113.191,0.910,11.062,2205,2175,116.565,7.774,1.258,0.795,0.928
383,120.864,16.180,9.511,126.776,0.808,17.668,2268,2176,126.870,10.494,1.701,0.588,0.931
384,248.221,19.554,16.162,6.053,0.881,20.001,2328,2194,32.005,16.103,1.210,0.827,0.946
385,167.312,24.091,8.843,48.188,0.672,24.491,2394,2201,43.831,9.428,2.724,0.367,0.923
386,75.415,13.580,7.071,90.569,0.822,13.594,2471,2175,98.973,7.067,1.921,0.521,0.926
387,271.195,22.433,15.393,49.760,0.858,22.933,2525,2198,33.690,15.548,1.457,0.686,0.946
388,671.744,32.488,26.327,130.369,0.877,33.870,2663,2176,113.356,26.333,1.234,0.810,0.964
389,719.191,39.295,23.303,5.371,0.771,41.317,2839,2204,12.848,25.321,1.686,0.593,0.958
390,123.861,16.850,9.359,5.347,0.648,19.712,2986,2185,14.534,10.581,1.800,0.555,0.861
391,116.869,13.252,11.228,163.967,0.905,14.757,3055,2182,163.301,11.993,1.180,0.847,0.925
392,90.898,16.781,6.897,153.889,0.725,16.798,3186,2178,157.751,7.269,2.433,0.411,0.910
393,63.928,12.731,6.394,133.065,0.811,13.031,3323,2176,130.601,6.996,1.991,0.502,0.901
394,35.460,8.073,5.593,42.449,0.882,8.626,3390,2184,34.992,6.272,1.443,0.693,0.899
395,179.798,28.363,8.071,4.246,0.591,26.612,3442,2185,10.713,8.227,3.514,0.285,0.935
396,977.900,41.199,30.222,41.849,0.827,44.157,3502,2225,50.194,30.530,1.363,0.734,0.962
397,5646.148,101.347,70.933,135.970,0.804,107.810,1448,2198,145.685,72.567,1.429,0.700,0.981
398,11033.587,139.795,100.493,134.923,0.761,143.297,1402,2351,155.837,107.872,1.391,0.719,0.953
399,3333.750,81.493,52.086,36.003,0.444,97.272,441,2480,16.460,71.448,1.565,0.639,0.715
400,3575.977,76.635,59.412,11.376,0.732,84.012,3444,2441,167.367,58.892,1.290,0.775,0.912
401,2529.155,62.267,51.716,159.143,0.877,63.040,244,2439,142.745,53.504,1.204,0.831,0.977
402,1869.397,64.761,36.753,147.965,0.741,68.226,975,2442,140.042,39.501,1.762,0.568,0.964
403,1166.188,45.166,32.875,106.694,0.844,45.827,2288,2445,107.038,33.235,1.374,0.728,0.971
404,1668.623,53.076,40.028,22.776,0.611,67.063,606,2494,28.996,42.924,1.326,0.754,0.841
405,709.702,42.155,21.436,98.870,0.634,42.877,831,2448,98.531,24.989,1.967,0.509,0.860
406,1103.259,44.313,31.700,48.355,0.812,47.143,3204,2507,49.865,34.133,1.398,0.715,0.951
407,1202.647,77.716,19.703,4.714,0.469,78.702,1119,2477,4.635,22.307,3.944,0.254,0.894
408,1225.122,63.419,24.596,21.876,0.607,63.941,52,2493,20.037,26.462,2.578,0.388,0.929
409,1278.062,55.765,29.181,13.021,0.656,58.929,334,2501,22.567,34.629,1.911,0.523,0.930
410,717.693,53.200,17.177,151.841,0.557,52.857,1904,2464,150.350,19.911,3.097,0.323,0.894
411,1143.713,50.235,28.988,178.152,0.724,55.073,1346,2490,171.142,29.682,1.733,0.577,0.957
412,543.888,35.350,19.590,130.937,0.720,38.559,2838,2470,138.715,22.684,1.804,0.554,0.934
413,729.180,39.680,23.398,15.063,0.698,44.077,709,2492,12.031,26.333,1.696,0.590,0.910
414,301.161,40.046,9.575,142.908,0.419,41.413,2374,2472,143.326,11.922,4.182,0.239,0.799
415,862.030,45.338,24.209,8.511,0.687,48.573,2087,2496,8.366,27.562,1.873,0.534,0.940
416,422.025,27.636,19.444,136.172,0.854,28.620,2660,2474,122.905,19.489,1.421,0.704,0.952
417,605.319,39.154,19.684,1.893,0.745,41.087,3105,2498,3.945,20.495,1.989,0.503,0.957
418,317.643,28.265,14.309,16.147,0.707,29.950,1272,2498,19.290,15.323,1.975,0.506,0.940
419,213.760,18.107,15.031,49.199,0.888,19.225,3033,2507,53.973,15.972,1.205,0.830,0.945
420,90.398,16.008,7.190,95.662,0.740,15.944,2579,2486,102.804,7.761,2.226,0.449,0.910
421,276.189,25.047,14.040,176.501,0.731,26.612,2931,2495,169.287,15.548,1.784,0.561,0.935
422,216.257,21.729,12.672,146.718,0.747,24.735,3304,2486,143.130,14.079,1.715,0.583,0.940
423,160.320,20.012,10.200,172.150,0.779,20.101,3396,2500,169.875,10.573,1.962,0.510,0.934
424,99.388,13.167,9.611,1.908,0.915,13.409,915,2499,161.565,9.894,1.370,0.730,0.934
425,103.883,15.728,8.410,19.923,0.801,16.146,1558,2505,23.199,9.165,1.870,0.535,0.922
426,53.440,10.733,6.340,66.380,0.874,11.174,1840,2507,55.305,6.928,1.693,0.591,0.930
427,90.898,18.238,6.346,18.306,0.585,18.963,2201,2508,26.565,7.263,2.874,0.348,0.850
428,128.356,20.314,8.045,13.447,0.693,20.348,1647,2506,20.323,8.570,2.525,0.396,0.936
429,107.379,14.959,9.140,8.226,0.871,15.435,1742,2504,15.945,9.187,1.637,0.611,0.935
430,39.456,9.074,5.536,123.080,0.933,9.818,2762,2496,120.256,5.997,1.639,0.610,0.924
431,24.472,7.063,4.412,38.481,0.885,7.644,2485,2508,33.690,4.997,1.601,0.625,0.883
432,23.973,7.881,3.873,23.434,0.794,8.242,2024,2507,30.964,4.425,2.035,0.491,0.881
433,2826.820,88.754,40.553,1.689,0.553,95.049,3407,2644,171.448,50.453,2.189,0.457,0.836
434,1172.181,47.853,31.189,92.087,0.770,48.737,2383,2612,106.858,33.766,1.534,0.652,0.961
435,710.700,41.991,21.550,126.294,0.657,45.680,3191,2618,124.919,23.863,1.949,0.513,0.934
436,1336.996,54.755,31.089,156.750,0.680,58.277,2642,2626,157.166,34.281,1.761,0.568,0.916
437,1175.677,46.473,32.210,152.263,0.790,49.596,2560,2623,139.044,34.502,1.443,0.693,0.947
438,988.888,40.583,31.025,149.816,0.779,45.477,1154,2627,147.051,33.335,1.308,0.764,0.950
439,1168.685,49.284,30.192,165.217,0.765,54.270,3031,2641,171.764,31.796,1.632,0.613,0.954
440,499.938,29.970,21.239,45.074,0.762,32.370,360,2664,53.881,23.216,1.411,0.709,0.917
441,1078.786,61.557,22.314,172.002,0.649,58.109,134,2637,166.640,21.877,2.759,0.362,0.951
442,745.661,41.068,23.118,1.489,0.755,43.392,1221,2645,6.546,25.025,1.777,0.563,0.952
443,616.806,35.662,22.022,15.064,0.813,36.035,688,2647,11.310,23.616,1.619,0.618,0.954
444,367.087,25.273,18.493,123.697,0.813,26.911,2188,2628,119.932,19.723,1.367,0.732,0.948
445,852.541,46.021,23.587,14.588,0.772,47.159,3240,2655,19.250,24.106,1.951,0.513,0.972
446,307.654,21.936,17.858,81.924,0.859,23.407,2121,2660,61.113,18.374,1.228,0.814,0.957
447,267.699,26.182,13.018,38.243,0.683,27.151,2787,2654,38.660,14.417,2.011,0.497,0.929
448,425.521,28.295,19.148,178.608,0.809,28.871,1502,2639,158.459,19.788,1.478,0.677,0.950
449,142.839,18.993,9.575,125.250,0.730,20.785,1042,2632,125.311,10.742,1.984,0.504,0.935
450,159.820,18.131,11.223,71.598,0.836,19.029,2458,2657,68.199,12.014,1.615,0.619,0.944
451,353.103,33.242,13.525,164.483,0.663,33.102,3114,2635,163.887,13.860,2.458,0.407,0.923
452,192.284,18.104,13.523,155.350,0.759,21.575,970,2635,148.392,14.992,1.339,0.747,0.909
453,195.780,16.415,15.186,74.320,0.901,17.668,1649,2654,53.130,14.841,1.081,0.925,0.947
454,167.312,17.357,12.274,132.118,0.855,18.550,1850,2635,130.365,13.328,1.414,0.707,0.938
455,365.089,35.809,12.981,8.757,0.605,35.827,2035,2653,14.859,14.794,2.758,0.363,0.883
456,192.783,18.343,13.382,175.618,0.884,19.406,2315,2643,169.509,14.134,1.371,0.730,0.941
457,147.834,14.741,12.769,72.749,0.907,16.022,2926,2652,41.424,12.014,1.154,0.866,0.955
458,335.123,35.257,12.102,7.864,0.611,35.785,890,2648,9.090,13.129,2.913,0.343,0.946
459,109.876,13.153,10.636,95.089,0.862,14.310,1719,2636,122.905,10.601,1.237,0.809,0.946
460,261.206,28.190,11.798,168.935,0.698,27.769,1973,2637,165.256,12.058,2.389,0.418,0.941
461,125.858,16.099,9.954,17.371,0.761,17.724,230,2651,23.499,11.286,1.617,0.618,0.925
462,88.401,12.027,9.359,55.572,0.871,13.278,441,2653,64.799,9.933,1.285,0.778,0.919
463,79.910,12.318,8.260,120.260,0.822,13.722,1112,2636,124.509,9.165,1.491,0.671,0.930
464,50.943,10.861,5.972,90.162,0.870,10.971,509,2652,75.069,5.654,1.819,0.550,0.949
465,65.426,12.510,6.659,47.133,0.797,13.502,571,2650,42.879,7.496,1.879,0.532,0.916
466,87.901,13.296,8.417,152.405,0.875,13.722,637,2639,145.491,8.849,1.580,0.633,0.926
467,44.949,9.568,5.982,103.096,0.871,10.290,777,2637,105.945,6.360,1.599,0.625,0.909
468,121.863,17.584,8.824,165.173,0.778,18.550,835,2641,162.255,9.599,1.993,0.502,0.928
469,78.911,14.332,7.010,28.915,0.713,15.174,1309,2647,27.759,8.144,2.044,0.489,0.890
470,42.452,10.540,5.128,82.259,0.725,11.174,1586,2652,71.565,5.654,2.055,0.487,0.881
471,53.939,11.953,5.746,62.545,0.768,12.362,2258,2652,59.036,6.321,2.080,0.481,0.900
472,47.447,10.388,5.816,58.793,0.825,11.591,2997,2651,52.431,6.496,1.786,0.560,0.913
473,113.872,15.992,9.066,173.567,0.811,15.803,298,2641,169.695,9.187,1.764,0.567,0.946
474,93.894,14.432,8.283,6.822,0.785,15.435,1376,2648,15.945,8.481,1.742,0.574,0.935
475,129.854,19.490,8.483,7.629,0.701,19.406,1777,2650,10.491,8.841,2.298,0.435,0.912
476,63.429,11.446,7.056,152.225,0.893,12.014,2725,2640,151.928,7.840,1.622,0.616,0.917
477,92.895,14.290,8.277,9.097,0.829,14.757,2857,2649,16.699,8.860,1.727,0.579,0.912
478,45.449,10.333,5.600,146.829,0.841,10.601,1919,2640,143.130,6.219,1.845,0.542,0.883
479,38.457,8.463,5.786,155.787,0.957,8.855,1448,2641,151.390,6.257,1.463,0.684,0.917
480,45.948,11.366,5.147,173.528,0.752,11.655,2523,2642,165.964,5.654,2.208,0.453,0.885
481,59.933,13.509,5.649,14.272,0.676,14.310,3329,2648,20.225,6.360,2.392,0.418,0.902
